Naam,Email,Telefoon,Straat,Postcode,Stad,Start Tijd,Eind Tijd,Werkdagen
Anna Janssen,anna.janssen@thuiszorg.nl,0646913810,Palestinastraat 107,6418XU,Heerlen,07:00,18:00,monday;tuesday;wednesday;thursday;friday
Laura Lemmens,laura.lemmens@thuiszorg.nl,0628728463,Bradleystraat 16,6418KU,Heerlen,07:00,18:00,monday;tuesday;wednesday;thursday;friday
Anna Puts,anna.puts@thuiszorg.nl,0621668732,Simpsonstraat 6,6418JM,Heerlen,07:00,18:00,monday;tuesday;wednesday;thursday;friday
Joris Rutten,joris.rutten@thuiszorg.nl,0614265799,Bergdriesch 40,6418FX,Heerlen,07:00,18:00,monday;tuesday;wednesday;thursday;friday
Emma Van den Berg,emma.vandenberg@thuiszorg.nl,0639345092,Op de Nobel 15,6411CV,Heerlen,07:00,18:00,monday;tuesday;wednesday;thursday;friday
Laura Heijnen,laura.heijnen@thuiszorg.nl,0690801586,Samariastraat 26,6418JC,Heerlen,07:00,18:00,monday;tuesday;wednesday;thursday;friday
Emma Puts,emma.puts@thuiszorg.nl,0636687537,Gasthuisstraat 5,6411UD,Heerlen,07:00,18:00,monday;tuesday;wednesday;thursday;friday
Tim Rutten,tim.rutten@thuiszorg.nl,0639587039,September 1944-straat 5,6418LT,Heerlen,07:00,18:00,monday;tuesday;wednesday;thursday;friday
Finn Meijers,finn.meijers@thuiszorg.nl,0647338124,Sinaïstraat 24,6418XC,Heerlen,07:00,18:00,monday;tuesday;wednesday;thursday;friday
Emma Peters,emma.peters@thuiszorg.nl,0666722344,Welterlaan 6,6415MX,Heerlen,07:00,18:00,monday;tuesday;wednesday;thursday;friday
Tom Claessen,tom.claessen@thuiszorg.nl,0630868105,Heerlerbaan 96,6418VD,Heerlen,07:00,18:00,monday;tuesday;wednesday;thursday;friday
Sara Simons,sara.simons@thuiszorg.nl,0623718431,Jeruzalemstraat 16,6418OY,Heerlen,07:00,18:00,monday;tuesday;wednesday;thursday;friday
Sophie Bosch,sophie.bosch@thuiszorg.nl,0622981052,Caumerboord 86,6418UP,Heerlen,07:00,18:00,monday;tuesday;wednesday;thursday;friday
Daan Martens,daan.martens@thuiszorg.nl,0691030736,Pattonstraat 11,6418XY,Heerlen,07:00,18:00,monday;tuesday;wednesday;thursday;friday
Eline De Vries,eline.devries@thuiszorg.nl,0671662963,Eisterweg 4,6422RM,Heerlen,07:00,18:00,monday;tuesday;wednesday;thursday;friday
Tim Bakker,tim.bakker@thuiszorg.nl,0660806024,Lindelaan 43,6414RV,Heerlen,07:00,18:00,monday;tuesday;wednesday;thursday;friday
Sophie Puts,sophie.puts@thuiszorg.nl,0649349722,Mariabad 8,6411GJ,Heerlen,07:00,18:00,monday;tuesday;wednesday;thursday;friday
Mark Martens,mark.martens@thuiszorg.nl,0687490893,Samariastraat 7,6418AA,Heerlen,07:00,18:00,monday;tuesday;wednesday;thursday;friday
Sara Van den Berg,sara.vandenberg@thuiszorg.nl,0616150444,Ds. Jongeneelstraat 7,6411QB,Heerlen,07:00,18:00,monday;tuesday;wednesday;thursday;friday
Laura Hermans,laura.hermans@thuiszorg.nl,0620709497,Welterlaan 23,6415VD,Heerlen,07:00,18:00,monday;tuesday;wednesday;thursday;friday
