name,address,coordinates,time_window_start,time_window_end,dogs,cats,smokes,available_days
Lars Jansen,"Dr. de Visserstraat 6, 6415HJ Heerlen",50.8979843 5.9881059,08:00,16:00,2,-1,true,Monday;Wednesday;Friday
Sophie de Vries,"Geerstraat 258, 6411NW Heerlen",50.8884582 5.9736771,09:30,12:00,-1,1,false,Tuesday;Thursday;Friday
Milan Bakker,"Drieoortsput 86, 6417PN Heerlen",50.8686031 5.9821028,09:00,17:00,0,-1,true,Monday;Tuesday;Wednesday
Emma Visser,"Tempsplein 13, 6411ES Heerlen",50.8849685 5.9788965,07:00,10:00,-1,1,true,Wednesday;Thursday;Friday
Noah Smit,"Peter Schunckstraat 254, 6418XH Heerlen",50.8630865 6.0082392,07:00,13:00,-1,0,true,Monday;Thursday;Friday
Julia Meijer,"Hofstraat 40, 6414SX Heerlen",50.9245429 5.973011,09:00,12:30,-1,1,false,Tuesday;Wednesday;Friday
Daan Mulder,"Talmastraat 34, 6415HE Heerlen",50.8972321 5.9864112,07:00,17:00,-1,-1,true,Monday;Wednesday;Thursday
Tess Bos,"Kloosterkoolhof 28F, 6415XT Heerlen",50.8913671 5.9877201,10:00,15:00,-1,2,true,Tuesday;Thursday;Friday
Sem Peters,"Italiëlaan 26, 6414TP Heerlen",50.925011 5.9699346,09:30,18:00,-1,0,false,Monday;Tuesday;Friday
Eva Hendriks,"Saffierstraat 5, 6412SW Heerlen",50.9008009 5.9707413,09:00,17:00,1,-1,false,Wednesday;Thursday;Friday
Luuk van Dijk,"Palestinastraat 280, 6418HP Heerlen",50.8678886 6.0120088,07:00,13:00,-1,1,false,Monday;Tuesday;Thursday
Sara Dekker,"Paulus Potterstraat 5, 6415TW Heerlen",50.8992867 5.9921575,07:00,18:00,-1,-1,false,Tuesday;Wednesday;Friday
Finn Brouwer,"Ligusterstraat 8, 6413JB Heerlen",50.9201178 5.9587681,07:00,18:00,1,2,true,Monday;Wednesday;Friday
Lotte Jacobs,"Akerstraat 50H, 6411HB Heerlen",50.8852271 5.9809464,07:00,18:00,0,-1,false,Tuesday;Thursday;Friday
Max Willems,"Gasthuisstraat 45, 6416AM Heerlen",50.8884922 5.9876785,07:00,18:00,-1,2,true,Monday;Wednesday;Thursday
Nina Hermans,"Palestinastraat 310, 6418HP Heerlen",50.8689542 6.0107724,07:00,18:00,2,-1,true,Tuesday;Thursday;Friday
Bram Vos,"Ammonieterf 293, 6413KT Heerlen",50.9100525 5.9496824,07:00,18:00,1,-1,false,Monday;Wednesday;Friday
Zoë Kuipers,"Asterstraat 19, 6414PX Heerlen",50.9250126 5.9633553,07:00,18:00,2,1,false,Tuesday;Thursday;Friday
Thijs van Leeuwen,"Kampstraat 124, 6413EG Heerlen",50.9193216 5.9595728,07:00,18:00,-1,1,true,Monday;Tuesday;Wednesday
Anne Verhoeven,"Donderdagstraat 9-GB38,  Heerlen",50.8853564 5.9958273,07:00,18:00,-1,-1,false,Wednesday;Thursday;Friday